{"episode_reward": [11.714285714285698, 7.09523809523809, 7.380952380952371, 6.309523809523807, 6.999999999999995], "nb_steps": [132, 67, 83, 36, 43]}