{"episode_reward": [2.283333333333333, 2.333333333333333, 2.333333333333333, 2.833333333333333, 1.9499999999999997], "nb_steps": [4, 3, 3, 4, 4]}